



 
{
  "jcr:primaryType": "nt:unstructured",
  "jcr:createdBy": "INYVYN",
  "jcr:lastModifiedBy": "INYAKSK",
  "jcr:created": "Wed Apr 22 2015 19:25:20 GMT-0700",
  "jcr:lastModified": "Mon Jun 05 2017 00:27:17 GMT-0700",
  "sling:resourceType": "nextgen/components/content/secure-paths",
  "securedPaths": {
    "jcr:primaryType": "nt:unstructured",
    "0": {
      "jcr:primaryType": "nt:unstructured",
      "pathReference": "https://www.americanfunds.com/individual/accounts/login-new-user.htm"
    },
    "1": {
      "jcr:primaryType": "nt:unstructured",
      "pathReference": "https://www.americanfunds.com/advisor/tools/planning/retirement-plan-investment-evaluator.htm"
    },
    "2": {
      "jcr:primaryType": "nt:unstructured",
      "pathReference": "https://www.americanfunds.com/advisor/tools/planning/retirement-plan-cost-comparison-tool.htm"
    },
    "3": {
      "jcr:primaryType": "nt:unstructured",
      "pathReference": "https://www.americanfunds.com/advisor/tools/planning/hypotheticals.htm"
    },
    "4": {
      "jcr:primaryType": "nt:unstructured",
      "pathReference": "https://www.americanfunds.com/advisor/tools/planning/price-it-tool.htm"
    },
    "5": {
      "jcr:primaryType": "nt:unstructured",
      "pathReference": "https://www.americanfunds.com/advisor/products/401k-403b/fiduciary-services.htm"
    },
    "6": {
      "jcr:primaryType": "nt:unstructured",
      "pathReference": "https://www.americanfunds.com/advisor/tools/planning/rmd-planner.htm"
    },
    "7": {
      "jcr:primaryType": "nt:unstructured",
      "pathReference": "https://www.americanfunds.com/advisor/tools/planning/72t-early-payout-planner.htm"
    },
    "8": {
      "jcr:primaryType": "nt:unstructured",
      "pathReference": "https://www.americanfunds.com/advisor/tools/planning/beneficiary-planner.htm"
    },
    "9": {
      "jcr:primaryType": "nt:unstructured",
      "pathReference": "https://www.americanfunds.com/advisor/investments/comparefunds"
    },
    "10": {
      "jcr:primaryType": "nt:unstructured",
      "pathReference": "https://www.americanfunds.com/advisor/tools/planning/portfolio-resources/portfolio-analyzer.htm"
    },
    "11": {
      "jcr:primaryType": "nt:unstructured",
      "pathReference": "https://www.americanfunds.com/advisor/tools/planning/ext/target-date-proview-compare"
    },
    "12": {
      "jcr:primaryType": "nt:unstructured",
      "pathReference": "https://www.thecapitalgroup.com/institutional/investments/target-date-proview-compare"
    },
    "13": {
      "jcr:primaryType": "nt:unstructured",
      "pathReference": "https://www.americanfunds.com/advisor/tools/planning/portfolio-resources.htm"
    },
    "14": {
      "jcr:primaryType": "nt:unstructured",
      "pathReference": "https://www.americanfunds.com/advisor/tools/planning/portfolio-resources/custom-portfolio-planner/choose-funds.htm"
    },
    "15": {
      "jcr:primaryType": "nt:unstructured",
      "pathReference": "https://www.americanfunds.com/advisor/tools/planning/portfolio-resources/time-based-portfolio-planner/time-horizon.htm?start=true"
    },
    "16": {
      "jcr:primaryType": "nt:unstructured",
      "pathReference": "https://www.americanfunds.com/advisor/tools/planning/portfolio-resources/objective-based-portfolio-planner.htm"
    },
    "17": {
      "jcr:primaryType": "nt:unstructured",
      "pathReference": "https://www.americanfunds.com/advisor/tools/planning/create-and-monitor-fund-lineups.htm"
    }
  }
}