<?xml version="1.0" encoding="UTF-8"?>

<Configuration status="WARN">
	<Appenders>
		<Async name="Async">
			<AppenderRef ref="Console" />
		</Async>
		<Console name="Console" target="SYSTEM_OUT">
			<!-- PatternLayout pattern="[%d{dd-MMM-yyyy HH:mm:ss}] %highlight{%p} 
				[%c{1.}] - %m%n" / -->
			<PatternLayout pattern="%m%n" />
		</Console>
		<RollingFile name="File"
			fileName="../logs/cwb-api.log"
			filePattern="../logs/cwb-api-%d{MM-dd-yyyy}-%i.log">
			<PatternLayout>
				<Pattern>%d{DATE} %p [%c] %highlight{%level}{FATAL=bg_red,
					ERROR=red, WARN=yellow, INFO=green, DEBUG=blue} - %m%n</Pattern>
			</PatternLayout>
			<Policies>
				<SizeBasedTriggeringPolicy size="10 MB" />
			</Policies>
			<DefaultRolloverStrategy max="5" />
		</RollingFile>
	</Appenders>
	<Loggers>
		<Root level="INFO">
		  <AppenderRef ref="Async"/>
		  <AppenderRef ref="File"/>
		</Root>
		<Logger name="org.springframework" level="ERROR">
		  <AppenderRef ref="Async"/>
		  <AppenderRef ref="File"/>
		</Logger>
	</Loggers>
</Configuration>