{"jcr:primaryType":"rep:User","jcr:mixinTypes":["rep:AccessControllable"],"jcr:createdBy":"admin","jcr:created":"Tue Jul 25 2017 02:59:30 GMT-0700","rep:principalName":"anonymous","jcr:uuid":"294de355-7d9d-30b3-92d8-a1e6aab028cf","rep:authorizableId":"anonymous","preferences":{"jcr:primaryType":"nt:unstructured","sling:resourceType":"cq:Preferences"},"profile":{"jcr:primaryType":"nt:unstructured","jcr:mixinTypes":["rep:AccessControllable"],"sling:resourceType":"cq/security/components/profile"},"rep:policy":{"jcr:primaryType":"rep:ACL","allow":{"jcr:primaryType":"rep:GrantACE","rep:principalName":"everyone","rep:privileges":["jcr:read"]}}}