{
  "production": true,
  "envName": "prod",
  "host": "azure-apigw-oz.capgroup.com",
  "port": "443",
  "baseUrl": "https://capgroup-dev.oktapreview.com",
  "authServer": "ausduxoc9aSR86Ek50h7",
  "client_id": "0oaduxfkfkjLxswnW0h7",
  "redirect_uri": "http://localhost:4200/auth-callback",
  "post_logout_redirect_uri": "http://localhost:4200/",
  "response_type": "id_token token",
  "scope": "openid profile advanced-search-api",
  "filterProtocolClaims": true,
  "loadUserInfo": true,
  "automaticSilentRenew": true,
  "collectionAppId": "daaApp",
  "collectionAppPassword": "We Did it.",
  "collectionApiHost": "https://daa.dev.capgroup.com/api/daa/v1/",
  "includeAnalytics": true,
  "silent_redirect_uri": "http://localhost:4200/silent-renew",
  "ocimSubscriptionKey": "12741eba968849d3811fef2a5ab85eb6",
  "appId": "daaApp",
  "appPassword": "We can do IT.",
  "workfront_url": "https://capitalgroup.preview.workfront.com/task/view?ID="
}
