{
  "production": "{{PRODUCTION}}",
  "envName": "{{ENVNAME}}",
  "host": "{{HOST}}",
  "port": "{{PORT}}",
  "appId": "{{APPID}}",
  "appPassword": "{{APPPASSWORD}}",
  "baseUrl": "{{BASEURL}}",
  "authServer": "{{AUTHSERVER}}",
  "client_id": "{{CLIENT_ID}}",
  "redirect_uri": "{{REDIRECT_URI}}",
  "post_logout_redirect_uri": "{{POST_LOGOUT_REDIRECT_URI}}",
  "response_type": "{{RESPONSE_TYPE}}",
  "scope": "{{SCOPE}}",
  "filterProtocolClaims": "{{FILTERPROTOCOLCLAIMS}}",
  "loadUserInfo": "{{LOADUSERINFO}}",
  "automaticSilentRenew": "{{AUTOMATICSILENTRENEW}}",
  "collectionAppId": "{{COLLECTIONAPPID}}",
  "collectionAppPassword": "{{COLLECTIONAPPPASSWORD}}",
  "collectionApiHost": "{{COLLECTIONAPIHOST}}",
  "includeAnalytics": "{{INCLUDEANALYTICS}}",
  "ocimSubscriptionKey": "{{OCIMSUBSCRIPTIONKEY}}",
  "workfront_url": "{{WORKFRONTURL}}"
}
