[
  {
    "type": "copyright",
    "icon": "©",
    "node": "special"
  },
  {
    "type": "dagger",
    "icon": "†",
    "node": "special"
  },
  {
    "type": "trademark",
    "icon": "™",
    "node": "special"
  },
  {
    "type": "Registered",
    "icon": "®",
    "node": "special"
  },
  {
    "type": "double-dagger",
    "icon": "‡",
    "node": "special"
  },
  {
    "type": "Horizontal-Ellipsis",
    "icon": "…",
    "node": "special"
  },
  {
    "type": "Euro-Sign",
    "icon": "€",
    "node": "special"
  },
  {
    "type": "Pound-Sign",
    "icon": "£",
    "node": "special"
  },
  {
    "type": "Service-Mark",
    "icon": "℠",
    "node": "special"
  },
  {
    "type": "Yen-sign",
    "icon": "¥",
    "node": "special"
  },
  {
    "type": "EN-dash",
    "icon": "–",
    "node": "special"
  },
  {
    "type": "EM-dash",
    "icon": "—",
    "node": "special"
  }
]
