



 
{
  "jcr:primaryType": "nt:unstructured",
  "jcr:createdBy": "MLMG",
  "jcr:lastModifiedBy": "MLMG",
  "jcr:created": "Tue Oct 28 2014 11:26:42 GMT-0700",
  "jcr:lastModified": "Tue Nov 11 2014 15:23:10 GMT-0800",
  "sling:resourceType": "nextgen/components/content/side-entry",
  "sideEntryInfo": {
    "jcr:primaryType": "nt:unstructured",
    "0": {
      "jcr:primaryType": "nt:unstructured",
      "messageCondition": "Front-door",
      "messageText": "<p>You\u2019ve selected our site for individual investors. This is now your default site. To select a different site, use the OTHER SITES menu.<\/p>\n",
      "experience": "investor"
    },
    "1": {
      "jcr:primaryType": "nt:unstructured",
      "messageCondition": "Front-door",
      "messageText": "<p>You\u2019ve selected our site for financial advisors. This is now your default site. To select a different site, use the OTHER SITES menu.<\/p>\n",
      "experience": "advisor"
    },
    "2": {
      "jcr:primaryType": "nt:unstructured",
      "messageCondition": "Front-door",
      "messageText": "<p>You\u2019ve selected our site for employers and plan sponsors. This is now your default site. To select a different site, use the OTHER SITES menu.<\/p>\n",
      "experience": "employer"
    },
    "3": {
      "jcr:primaryType": "nt:unstructured",
      "messageCondition": "Front-door",
      "messageText": "<p>You\u2019ve selected our site for third-party administrators. This is now your default site. To select a different site, use the OTHER SITES menu.<\/p>\n",
      "experience": "tpa"
    },
    "4": {
      "jcr:primaryType": "nt:unstructured",
      "messageCondition": "Front-door",
      "messageText": "<p>You\u2019ve selected our site for institutions and consultants. To select a different site, use the OTHER SITES menu.<\/p>\n",
      "experience": "institutional"
    },
    "5": {
      "jcr:primaryType": "nt:unstructured",
      "messageCondition": "Side-door",
      "messageText": "<p>Content on this site is for individual investors. To visit a different site, use the OTHER SITES menu.<\/p>\n",
      "experience": "investor"
    },
    "6": {
      "jcr:primaryType": "nt:unstructured",
      "messageCondition": "Side-door",
      "messageText": "<p>Content on this site is for financial advisors.&nbsp;To visit a different site, use the OTHER SITES menu.<\/p>\n",
      "experience": "advisor"
    },
    "7": {
      "jcr:primaryType": "nt:unstructured",
      "messageCondition": "Side-door",
      "messageText": "<p>Content on this site is for institutions and consultants.&nbsp;To visit a different site, use the OTHER SITES menu.<\/p>\n",
      "experience": "institutional"
    },
    "8": {
      "jcr:primaryType": "nt:unstructured",
      "messageCondition": "Side-door",
      "messageText": "<p>Content on this site is for employers and plan sponsors.&nbsp;To visit a different site, use the OTHER SITES menu.<\/p>\n",
      "experience": "employer"
    },
    "9": {
      "jcr:primaryType": "nt:unstructured",
      "messageCondition": "Side-door",
      "messageText": "<p>Content on this site is for third-party administrators.&nbsp;To visit a different site, use the OTHER SITES menu.<\/p>\n",
      "experience": "tpa"
    },
    "10": {
      "jcr:primaryType": "nt:unstructured",
      "messageCondition": "campaign",
      "messageText": "<p>This content is for individual investors.<\/p>\n",
      "experience": "investor"
    },
    "11": {
      "jcr:primaryType": "nt:unstructured",
      "messageCondition": "campaign",
      "messageText": "<p>This content is for financial advisors.<\/p>\n",
      "experience": "advisor"
    },
    "12": {
      "jcr:primaryType": "nt:unstructured",
      "messageCondition": "campaign",
      "messageText": "<p>This content is for employers and plan sponsors.<\/p>\n",
      "experience": "employer"
    },
    "13": {
      "jcr:primaryType": "nt:unstructured",
      "messageCondition": "campaign",
      "messageText": "<p>This content is for third-party administrators.<\/p>\n",
      "experience": "tpa"
    },
    "14": {
      "jcr:primaryType": "nt:unstructured",
      "messageCondition": "campaign",
      "messageText": "<p>This content is for institutions and consultants.<\/p>\n",
      "experience": "institutional"
    }
  }
}